{"cameraMode":{"drawMode":0,"name":"Shaded","section":"Shading Mode"},"sceneLighting":false,"audioPlay":false,"sceneViewState":{"m_AlwaysRefresh":false,"showFog":true,"showSkybox":false,"showFlares":true,"showImageEffects":true,"showParticleSystems":true,"showVisualEffectGraphs":true,"m_FxEnabled":true},"in2DMode":false,"pivot":{"x":1.0999999046325684,"y":23.799999237060548,"z":0.09999990463256836},"rotation":{"x":-0.2248430699110031,"y":-0.015495408326387406,"z":0.003576389281079173,"w":-0.9742709994316101},"size":6.1578755378723148,"orthographic":false}