{"cameraMode":{"drawMode":0,"name":"Shaded","section":"Shading Mode"},"sceneLighting":false,"audioPlay":false,"sceneViewState":{"m_AlwaysRefresh":false,"showFog":true,"showSkybox":false,"showFlares":true,"showImageEffects":true,"showParticleSystems":true,"showVisualEffectGraphs":true,"m_FxEnabled":true},"in2DMode":false,"pivot":{"x":0.021656036376953126,"y":2.1133623123168947,"z":0.2537904977798462},"rotation":{"x":-0.0006105986540205777,"y":0.9993109703063965,"z":-0.031798481941223147,"w":-0.019188133999705316},"size":3.1553330421447756,"orthographic":false}