{"cameraMode":{"drawMode":0,"name":"Shaded","section":"Shading Mode"},"sceneLighting":false,"audioPlay":false,"sceneViewState":{"m_AlwaysRefresh":false,"showFog":true,"showSkybox":true,"showFlares":true,"showImageEffects":true,"showParticleSystems":true,"showVisualEffectGraphs":true,"m_FxEnabled":true},"in2DMode":false,"pivot":{"x":31.447864532470704,"y":45.76475524902344,"z":-20.897245407104493},"rotation":{"x":-0.4094865918159485,"y":0.40677380561828616,"z":-0.21115626394748689,"w":-0.7888416647911072},"size":2.5739076137542726,"orthographic":false}